capacity,delivery_price,description,number_of_review,product_image_link,product_name,product_price,product_review,type_of_brand
2000 GB,"
$81.85 Shipping & Import Fees Deposit to Egypt
","Fantom Drives SSD Upgrade Kit is great for anyone that wants to upgrade their computer or laptop with an ultra fast storage solution. It's easy to use and everything you need is included. The WD SSD hard drive comes preformatted NTFS for Plug and Play with PC's and Laptops. WD Blue SSD has high capacity with great power efficiency and will greatly increase performance on system boot-ups, software response times, rapid transfer speeds, and game load speeds. This kit also includes Fantom Drives 2.5"" external enclosure for your old hard drive or SSD. The Fantom Drives Hard Drive / SSD external enclosure is made with aluminum to guard your data and uses SATA and USB 3.0 technology to allow fast speeds of up to 5Gbps. The USB 3.0 enclosure is USB 2.0 backwards compatible and comes with USB 3.0 cable and a leather carrying pouch. Fantom Drives Data Migration Software (drive cloning software) to easily clone your original hard drive. Warranty Information: 5 Year Limited Warranty for WD 2TB 3D NAND SATA SSD, 1 Year Limited Warranty for Fantom Drives 2.5"" Enclosure and USB Drive.

",14,https://m.media-amazon.com/images/I/61xF2qH30QL._AC_UY218_.jpg,"FD 2TB SSD Upgrade Kit - Includes 2TB Western Digital Blue SSD, 2.5"" Enclosure, and Drive Cloner Software in USB Drive - Great for Gaming PC, Gaming Laptops, and MacBook",$259.41,14,Fantom Drives
3840 GB,"
$110.00 shipping","Samsung's all-flash solutions for heavy workloads deliver unrivaled performance, reliability and capacity without bottlenecks.",2,https://m.media-amazon.com/images/I/41S-vt7+b-L._AC_UY218_.jpg,Samsung PM883 MZ7LH3T8HMLT 3.84TB SATA 6Gb/s 2.5-Inch Enterprise SSD,$735.00,2,SATA
240 GB,"
$41.24 Shipping & Import Fees Deposit to Egypt
","Incredible speeds plus rock-solid reliability - Kingston's A400 solid-state drive dramatically improves the responsiveness of your existing system with incredible boot, loading and file transfer times compared to mechanical hard drives. Powered by a latest gen controller for read and write speeds up to 500MB/s and 450MB/s, this SSD is 10x faster than a traditional hard drive for higher performance, ultra-responsive multi-tasking and an overall faster system. Also more reliable and durable than a hard drive, A400 is built with Flash memory. There are no moving parts, making it less likely to fail than a mechanical hard drive. It's also cooler and quieter, and its shock and vibration resistance makes it ideal for notebooks and other mobile computing devices. A400 is available in multiple capacities from 120GB-480GB to give you all the space you need for applications, videos, photos and other important documents. You can also replace your hard drive or a smaller SSD with a drive big enough to hold all your files. Backwards compatibility to SATA Rev. 2.0 (3Gb/s) Product contains drive only; cloning software not included. The Vibration operating of this product is 2.17G Peak (7–800Hz) and the Vibration non-operating of this product is 20G Peak (10–2000Hz).

","31,302",https://m.media-amazon.com/images/I/91RL+MhTWbL._AC_UY218_.jpg,"Kingston 240GB A400 SATA 3 2.5"" Internal SSD SA400S37/240G - HDD Replacement for Increase Performance",,"31,302",Serial ATA
1 TB,"
$33.90 Shipping & Import Fees Deposit to Egypt
","Sequential Read/Write performance reaching up to 560/530 MB/s provides best in class performance via the SATA interface. Accelerated read performance up to 13% faster than 860 QVO for added benefits for everyday computing. 870 QVO provides adequate amount of TBW for daily use, equivalent to 3 bit MLC SSDs and offers up to 1,440 TBW guaranteed endurance. Expanded capacity up to 4TB for client SSD in 2.5” 7mm form factor. Up To Three Year Limited Warranty. Warrantied TBW: 360 TBW for 1TB model, 720 TBW for 2TB model and 1,440 TBW for 4TB model. Limited warranty up to 3 years or up to the TBW for each capacity, whichever comes first. For more information on warranty, please find the enclosed warranty statement in the package.

","9,135",https://m.media-amazon.com/images/I/91S1PIX+yWL._AC_UY218_.jpg,"SAMSUNG 870 QVO SATA III 2.5"" SSD 1TB (MZ-77Q1T0B)",$99.99,"9,135",SAMSUNG
2 TB,"
$55.87 Shipping & Import Fees Deposit to Egypt
","Start your system in seconds, store up to 2TB of data, and upgrade with an SSD you can count on. Join more and more people who are keeping their family videos, travel photos, music, and important documents on an SSD, and get the near-instant performance and lasting reliability that comes with solid state storage. Upgrade with the Crucial MX500 SSD, a drive built on quality, speed, and security that’s all backed by helpful service and support. Even if you’ve never installed an SSD, don’t fear – our step-by-step guide walks you through the process to make installation easy. It’s worth it.

","44,141",https://m.media-amazon.com/images/I/81rg-38AdJL._AC_UY218_.jpg,"Crucial MX500 2TB 3D NAND SATA 2.5 Inch Internal SSD, up to 560MB/s - CT2000MX500SSD1",$204.50,"44,141",Serial ATA
1 TB,"
$36.36 Shipping & Import Fees Deposit to Egypt
","The all-star of SSDs, the latest Samsung 870 EVO 1TB 2.5-Inch SATA III Internal SSD has indisputable performance, reliability and compatibility, built upon Samsung's pioneering technology. The perfect choice for IT professionals, creators and everyday users alike, the 870 EVO memory drive meets the demands of every task, from everyday computing to 8K video processing, with up to 600 TBW1 under a 5-year limited warranty2. Make your flash drive work smoothly with enhanced Samsung Magician 6 software3, which helps you easily manage your drive, keep up with the latest updates, and monitor the drive’s health and status. Using the 870 EVO Samsung SSD is as simple as plugging it into the standard 2.5-inch SATA form factor on your desktop PC or laptop. The renewed migration software takes care of the rest. Enjoy professional-level SSD performance with the 870 EVO, which maximizes the SATA interface limit to 560/530 MB/s sequential speeds4 , accelerates write speeds and maintains long-term high performance with a larger variable buffer. More compatible than ever, the 870 EVO SSD has been compatibilty tested3 for major host systems and applications including chipsets, MAS, and video recording devices⁴. 1Warrantied TBW (terabytes written) for 870 EVO: 150 TBW for 250 GB model, 300 TBW for 500 GB model, 600 TBW for 1 TB model, 1,200 TBW for 2 TB model and 2,400 TBW for 4 TB model. 25-years or TBW, whichever comes first. For more information on the warranty, please find the enclosed warranty statement in the package. 3 Compatibility tests conducted with Samsung internal, AMD, MSI, Gigabyte, Synology, QNAP, BlackMagicDesign and ATMOS. 4Performance may vary based on SSD’s firmware version and system hardware & configuration. Sequential write performance measurements are based on Intelligent TurboWrite technology. Test system configuration: Intel Core i7-7700K CPU @ 4.20GHz, DDR4 1200MHz 32GB, OS – Windows 10 Pro x64, Chipset: ASUS PRIME Z270-A. All performance data was measured with the SSD as a secondary.

","8,271",https://m.media-amazon.com/images/I/911ujeCkGfL._AC_UY218_.jpg,SAMSUNG 870 EVO 1TB 2.5 Inch SATA III Internal SSD (MZ-77E1T0B/AM),$109.99,"8,271",SAMSUNG
500 MB,"
$41.13 Shipping & Import Fees Deposit to Egypt
","The Western Digital Blue 3D NAND SATA SSD utilizes 3D NAND technology for capacities up to 4TB with enhanced reliability. Featuring an active power draw up to 25% lower than previous generations of Western Digital Blue SSDs, you’re able to work longer before recharging your laptop, while sequential read speeds up to 560MB/s and sequential write speeds up to 530MB/s give the speed you want for your most demanding computing applications. Combined with the free, downloadable Western Digital SSD Dashboard software and a 5-year limited warranty, you can confidently upgrade your system to the Western Digital Blue 3D NAND SATA SSD. |As used for storage capacity, one terabyte (TB) = one trillion bytes. Total accessible capacity varies depending on operating environment. | Active power draws are up to 25% lower during sequential reads than previous generations of Western Digital Blue SSD at the 500GB capacity point. | As used for transfer rate or interface, megabyte per second (MB/s) = one million bytes per second and gigabit per second (Gb/s) = one billion bits per second.

","24,067",https://m.media-amazon.com/images/I/81mmmPK3RoL._AC_UY218_.jpg,"Western Digital 500GB WD Blue 3D NAND Internal PC SSD - SATA III 6 Gb/s, 2.5""/7mm, Up to 560 MB/s - WDS500G2B0A",$54.99,"24,067",SATA 6 GB/s
1 TB,"
$35.43 Shipping & Import Fees Deposit to Egypt
","All firmware and components, including Samsung's world renowned DRAM and NAND, are produced in house, allowing end to end integration for quality you can trust.

","2,164",https://m.media-amazon.com/images/I/714VYiAYssL._AC_UY218_.jpg,SAMSUNG (MZ-V8V1T0B/AM) 980 SSD 1TB - M.2 NVMe Interface Internal Solid State Drive with V-NAND Technology,$109.99,"2,164",SAMSUNG
240 GB,"
$37.79 Shipping & Import Fees Deposit to Egypt
","The PNY CS900 2. 5-Inch SATA-III (6 GB/s) solid state Drive (SSD) is an excellent choice for a mainstream solid state Drive (SSD) Upgrade from a hard disk Drive (HDD). The CS900 drive is designed for an easy and cost-effective HDD replacement in the existing PC system to help realize faster boot times, quicker application launches, and better overall system performance. With no moving parts, PNY CS900 is highly durable, less likely to fail, and supports up to 3 years of warranty.

","14,647",https://m.media-amazon.com/images/I/61y6gOyq6VL._AC_UY218_.jpg,"PNY CS900 240GB 3D NAND 2.5"" SATA III Internal Solid State Drive (SSD) - (SSD7CS900-240-RB)",$31.99,"14,647",PNY
1 TB,"
$36.50 Shipping & Import Fees Deposit to Egypt
","Level up your entire gaming experience with the WD_BLACK SN750 SE NVMe SSD. Step up to PCIe® Gen4 technology** (backwards compatible with PCIe Gen3) with an SSD that delivers blistering read speeds up to 3,600MB/s*** to help optimize your gaming rig’s performance—and your own. Crush your load times so you can spend more time crushing your opponents. The WD_BLACK Dashboard monitors your drive’s health while optimizing peak performance in gaming mode (available Late Summer 2021), even when you’re trash-talking over chat or streaming your most insane frags. Plus, all this power comes backed by a 5-year limited warranty so you can game on with confidence.

","12,057",https://m.media-amazon.com/images/I/71Ed0faGfwS._AC_UY218_.jpg,"WD_Black 1TB SN750 SE NVMe Internal Gaming SSD Solid State Drive - Gen4 PCIe, M.2 2280, Up to 3,600 MB/s - WDS100T1B0E",$119.99,"12,057",SN750 SE NVMe SSD
256 GB,"
$37.79 Shipping & Import Fees Deposit to Egypt
"," Applying the advanced 3D NAND flash, Ace A55 features higher reliability and better power efficiency than traditional SSDs equipped with 2D NAND flash. The A55 offers improved endurance and longer battery life that you're able to work longer without frequently recharge your laptop., Powered by high quality controller and original synchronous NAND flash, the A55 delivers incredibly high transfer speeds that enable short boot time, fast application loading and quick file processing., The A55 especially applies the ”SLC Cache technology” that allows all data to be written in the SLC portion first and leads to higher peak writing performance. In addition, the technology can reduce write amplification and thus offer better endurance and longer lifespan of the SSD., The A55 comes with a free-download SSD health monitor tool - SP Toolbox Software, which is especially designed for you to easily monitor the current health status of a SSD. By such, you can run a performance test, get an overall health evaluation and check detailed information about your SSD, including used space on device, device temperature, total bytes written, S.M.A.R.T. status, erase count status and block numbers., *Please download the software at SP Official Website., The A55 is built with Bad Block Management, which can continually monitor and replace bad blocks to keep your system in good condition with prolonged lifespan of a SSD., The A55 is one of the lightest and thinnest SSD of its kind yet it is shock- and vibration-proof since it contains no moving parts. Furthermore, S.M.A.R.T. monitoring system and ECC technology are equipped to promise higher data transmission safety., The Ace A55 is backed by 3-year warranty., *Please register your product via SP official website to get the complete manufacturer warranty services, product support and more., 1 x Silicon Power Ace A55 Solid State Drive","6,272",https://m.media-amazon.com/images/I/71kWymZ+c+L._AC_UY218_.jpg,"SP 256GB SSD 3D NAND A55 SLC Cache Performance Boost SATA III 2.5"" 7mm (0.28"") Internal Solid State Drive (SP256GBSS3A55S25)",$31.99,"6,272",SP
1 TB,"
$46.12 Shipping & Import Fees Deposit to Egypt
","For use in laptop and desktop computers, a WD Green SSDs offers high performance and reliability to boost your daily computing activities. With comprehensive WD F.I.T. Lab testing and WD Green solid state drives are compatible with most PCs. The free WD SSD Dashboard lets you monitor your storage, and when combined with the 3-year limited warranty, upgrading your digital storage is worry-free.

","5,065",https://m.media-amazon.com/images/I/81f1uMKgHtL._AC_UY218_.jpg,"Western Digital 1TB WD Green Internal PC SSD Solid State Drive - SATA III 6 Gb/s, 2.5""/7mm, Up to 550 MB/s - WDS100T2G0A",$89.99,"5,065",Western Digital
512 GB,"
$40.27 Shipping & Import Fees Deposit to Egypt
",,849,https://m.media-amazon.com/images/I/81VTyTPlS1L._AC_UY218_.jpg,TEAMGROUP T-Force Vulcan G 512GB SLC Cache 3D NAND TLC 2.5 Inch SATA III Internal Solid State Drive SSD (R/W Speed up to 550/500 MB/s) 253TG512G3C301,$48.99,849,Serial ATA-600
512 GB,"
$41.27 Shipping & Import Fees Deposit to Egypt
",,142,https://m.media-amazon.com/images/I/81Y1+NEfo2L._AC_UY218_.jpg,HIKVISION Internal SSD 512 GB 3D NAND 2.5 Inch SATA III (R/W Speed up to 550/500 MB/s),$55.99,142,SATA
1000 GB,"
$39.03 Shipping & Import Fees Deposit to Egypt
","Take your data on-the-go with the SL200 Portable SSD from Lexar. This sleek and slim drive features a premium finish and is available in 512GB and 1TB of storage space. To keep your data secure, it's drop-, shock-, vibration-resistant and comes with an advanced security solution with 256-bit AES encryption. Performance-wise, it has transfer speeds of up to 550 MB/s and a write speed of up to 400 MB/s. Connect it to your system using the included USB Type-C to USB Type-C or USB Type-C to Type-A cable, and it's ready to use.

","2,543",https://m.media-amazon.com/images/I/71BWDFmqLFL._AC_UY218_.jpg,"Lexar SL200 1TB Portable SSD, Up to 550MB/s Read (LSL200X001T-RNNNU)",$119.99,"2,543",SL200
512 GB,"
$40.80 Shipping & Import Fees Deposit to Egypt
",,"5,633",https://m.media-amazon.com/images/I/71YkdVQ3+PL._AC_UY218_.jpg,"SP 512GB SSD 3D NAND A55 SLC Cache Performance Boost SATA III 2.5"" 7mm (0.28"") Internal Solid State Drive (SP512GBSS3A55S25)",$51.99,"5,633",SP
"Usb, Usb Type C","
$41.24 Shipping & Import Fees Deposit to Egypt
",,28,https://m.media-amazon.com/images/I/61HQEaxsy5S._AC_UY218_.jpg,"[USB-IF Certified] Spigen USB 4 Cable for Thunderbolt 4 Cable, 100W Charging 40Gbps Data Transfer 8K Video Type C for Thunderbolt 4 3 Macbook Pro iPad Pro 2021 Mac Mini M1 External SSD eGpu Dell 2.6ft",$24.99,28,Spigen
2 TB,"
$92.00 Shipping & Import Fees Deposit to Egypt
","Industry leading reliability: Powered by the latest V-NAND technology and a robust algorithm-based controller, the Samsung 860 PRO SSD readily handles heavy workloads of high-end PCs, workstations and NAS (Network Attached Systems) to give lasting assurance to gamers, IT and creative professionals. Speeds are consistent and sustained, even under heavy workloads and multitasking. The 860 PRO Solid State Drive performs at sequential read speeds up to 560MB/s with the combination of the latest V-NAND and a refined controller, delivering sequential write speeds up to 530MB/s. The smart compatibility of the SSD lets you benefit from faster, more fluid communication with your host system. The refined ECC algorithm and a new MJX controller generate higher speeds, and the improved queued trim enhances Linux compatibility. Reliability - Humidity- 5% to 95% non-condensing

","2,766",https://m.media-amazon.com/images/I/91jEMveNnUL._AC_UY218_.jpg, Samsung SSD 860 PRO 2TB 2.5 Inch SATA III Internal SSD (MZ-76P2T0BW),$379.99,"2,766",860 Pro
512 GB,"
$40.27 Shipping & Import Fees Deposit to Egypt
",,849,https://m.media-amazon.com/images/I/81VTyTPlS1L._AC_UY218_.jpg,TEAMGROUP T-Force Vulcan G 512GB SLC Cache 3D NAND TLC 2.5 Inch SATA III Internal Solid State Drive SSD (R/W Speed up to 550/500 MB/s) 253TG512G3C301,$48.99,849,Serial ATA-600
Desktop,"
$42.90 Shipping & Import Fees Deposit to Egypt
",,,https://m.media-amazon.com/images/I/61ZcacoNfiS._AC_UY218_.jpg,"MOVESPEED 512GB 3D NAND Internal PC SSD - SATA III 6 Gb/s, 2.5""/7mm, Up to 540 MB/s - YSSDJQB-512GSQ",$66.99,,SATA
240 GB,"
$37.79 Shipping & Import Fees Deposit to Egypt
",,105,https://m.media-amazon.com/images/I/61fL6lazlJL._AC_UY218_.jpg,"240GB 2.5"" SATA III Internal SSD,3D NAND ZOZT G3000 Series PC SSD,Premuim Performance 240GB Solid State Drive (Up to 540 MB/s)",$31.99,105,ZOZT
128 GB,"
$36.79 Shipping & Import Fees Deposit to Egypt
","Improve your existing system's performance with the Lexar NS100 2.5” SATA III (6GB/s) olid-state drive (SSD). This easy upgrade gives you faster boot-ups, application load times, and data transfers turning your old computer from dinosaur to Dynamo with read speeds of up to 550MB/s. The NS100 SSD also features SSD dash management so you can monitor your drive and make sure your applications maintain superb performance. It's shock and vibration resistant, and also has no moving parts making it cooler, quieter, and more reliable than a traditional hard disk Drive. Available in capacities from 128gb-1tb so you can store your all your favorite files without unnecessary slowdowns. 3-year limited.

","2,543",https://m.media-amazon.com/images/I/91-FIuGIF0L._AC_UY218_.jpg,Lexar NS100 2.5inch SATA III (6GB/S) 128GB Solid-State Drive,$23.99,"2,543",Solid State
500 GB,,,"11,309",https://m.media-amazon.com/images/I/712Bvs1gPwL._AC_UY218_.jpg,SK hynix Gold S31 SATA Gen3 2.5 inch Internal SSD | SSD 500GB | 500GB SATA | Up to 560MB/S | Solid State Drive | Compact 2.5' SSD Form Factor SK hynix SSD | Internal Solid State Drive | SATA SSD,,"11,309",Serial ATA-600
1 TB,"
$44.09 Shipping & Import Fees Deposit to Egypt
",,"4,462",https://m.media-amazon.com/images/I/41XroZ67bVL._AC_UY218_.jpg,TEAMGROUP AX2 1TB 3D NAND TLC 2.5 Inch SATA III Internal Solid State Drive SSD (Read Speed up to 540 MB/s) Compatible with Laptop & PC Desktop T253A3001T0C101,$76.99,"4,462",Serial ATA-600
1900 GB,,"Mfr Part Number: SSDSC2KG019T801. Capacity: 1.92 TB. Form Factor: 2.5 inch. Interface: SATA3. NAND Flash: TLC. Latency: Read - 36 µs; Write - 37 µs. IOPS: Random Read (100% Span): 97,000 IOPS, Random Write (100% Span): 46,500 IOPS. Bandwidth: Sequential Read: up to 560 MB/s, Sequential Write: up to 510 MB/s. Vibration: Operating: 2.17G, Non-operating: 3.13G. Shock: Operating: 1000G @ 0.5ms, Non-operating: 1000G @ 0.5ms. MTBF: 2 million hours. Power Consumption:,Active: 3.0 W,Idle: 1.0 W,Thickness: 7.0 mm Compatibility: This drive is compatible with servers and arrays that accept 2.5” 7mm SATA drives

",6,https://m.media-amazon.com/images/I/51I0FLxqX0L._AC_UY218_.jpg,Intel SSD D3-S4610 Series SSDSC2KG019T801 1.92TB 3D NAND TLC SATA 3 6Gb/s 2.5-Inch 7mm SFF Enterprise Server Drive,$636.98,6,ATA-4
500 GB,"
$32.52 Shipping & Import Fees Deposit to Egypt
","The SSD you trust: The newest edition to the world's best-selling SATA SSD series, the Samsung 860 EVO SSD is specially designed to enhance performance of mainstream PCs and laptops. With the latest V-NAND technology, this fast and reliable Solid State Drive comes in a wide range of compatible form factors and capacities. Its enhanced performance delivers consistent speeds, even under heavy workloads and multi-tasking, allowing for faster file transfers. The 860 EVO performs at sequential read speeds of up to 550MB/s with Intelligent TurboWrite technology, and sequential write speeds of up to 520MB/s. The TurboWrite buffer size is upgraded from 12GB to 78GB (performance may vary based on user's system hardware and configuration). The 860 EVO also offers boosted endurance of up to 8x higher TBW (Terabytes Written) than the 850 EVO. Feel secure storing and rendering large-sized 4K videos and 3D data used by the latest applications. The smart compatibility of the SSD lets you benefit from faster, more fluid communication with your host system. The refined ECC (Error Correction Code) algorithm and a new MJX controller generate higher speeds, and the improved queued trim enhances Linux compatibility. The 860 EVO provides reliability of 1.5 million hours (MTBF).

","69,793",https://m.media-amazon.com/images/I/814poe+IDsL._AC_UY218_.jpg,Samsung 860 EVO 500GB 2.5 Inch SATA III Internal SSD (MZ-76E500B/AM),$84.99,"69,793",SAMSUNG
2 TB,"
$89.02 Shipping & Import Fees Deposit to Egypt
","Unleash the power of the world’s No.1 Memory flash drive brand since 2003¹. Samsung 980 PRO PCIe 4.0 NVMe SSD for next-level computing delivers twice the data transfer rate of PCIe 3.0, while maintaining compatibility with PCIe 3.0. Experience next-level computing and SSD performance with read speeds of up to 7,000 MB/s² and push the limits of what SDs can do. Powered by a new Eplsis controller that is designed to harmonize the flash memory components and the interface for superior speed, with a PCIe 4.0³ interface that’s twice as fast as PCIe 3.0 SSDs⁴ and 12X faster than Samsung SATA SSDs5, every component of this NVMe SSD is manufactured by Samsung for performance that lasts. High-performance SSDs usually require high-performance thermal control. That’s why to ensure stable performance, the 980 PRO uses nickel coating to help manage the controller's heat level and a heat spreader label to deliver effective thermal control of the NAND chip. Designed for hardcore gamers and tech-savvy users, the 980 PRO memory card offers high-performance bandwidth throughput for heavy-duty applications in gaming, graphics, data analytics, and more. It's fast at loading games, so you can play more and wait less. The Samsung 980 PRO also comes in a compact M.2 2280 form, which can be easily plugged into desktops and laptops, and due to its size and optimized power efficiency, it’s ideal for building high-performance computing systems. The NVM Express® design mark is a registered trademark of NVM Express, Inc. ¹Source: 2003-2019 IHS Markit data: NAND suppliers' revenue market share. ²Performance may vary depending on the SSD’s firmware version and the system hardware & system configuration. Performance measurements are based on IOmeter 1.1.0. The write performances were measured with Intelligent TurboWrite technology being activated. The sequential write perform. ³To maximize the performance of the 980 PRO, please check whether your system supports PCIe 4.0 at the Intel or AMD website. ⁴Results are based on a comparison with Samsung PCIe 3.0 NVMe SSDs and SATA SSDs. 5Test system configuration: AMD Ryzen 9 3900X 12-Core Processor CPU@3.79GHz, DDR4 2666MHz 16GBx2, OS-Windows 10 Pro 64bit, Chipset-ASUS-X570-ROG CROSSHAIR VIII FORMULA.

","3,770",https://m.media-amazon.com/images/I/81zJ87YqekL._AC_UY218_.jpg,SAMSUNG 980 PRO 2TB PCIe NVMe Gen4 Internal Gaming SSD M.2 (MZ-V8P2T0B/AM),$369.99,"3,770",SAMSUNG
500 GB,"
$40.81 Shipping & Import Fees Deposit to Egypt
",,712,https://m.media-amazon.com/images/I/71sJmllRLWS._AC_UY218_.jpg,"UnionSine 500GB Ultra Slim Portable External Hard Drive USB3.0 HDD Storage Compatible for PC, Desktop, Laptop, Xbox, Xbox one, PS4(Black) HD-006",$36.99,712,UnionSine
Silver (USB Type-C),"
$36.89 Shipping & Import Fees Deposit to Egypt
",,22,https://m.media-amazon.com/images/I/61vf9-LOGIL._AC_UY218_.jpg,"F379 128GB USB Flash Drive with 250MB/s Data Transfer Speed, 2 in 1 OTG USB C to A Dual Port Menory Stick Durable Metal Jump Drive 360 Degree Rotation Type C Thumb Drive Silver(USB+Type C 128GB)",$27.20,22,Fanxiang
256 GB,,"The SU800 solid state drive lives up to its Ultimate name with 3D NAND Flash that provides higher storage density, efficiency, and reliability than traditional 2D NAND. It features intelligent SLC caching and a DRAM cache buffer to boost read/write up to 560 MB/s and 520 MB/s. Featuring LDPC ECC and technologies such as high TBW (total bytes written) and DEVSLP (Device Sleep), the Ultimate SU800 instantly upgrades notebook and desktop PCs with superior stability, durability, and power efficiency. In addition, users can download ADATA in-house developed SSD Toolbox and Migration Utility software for free to enjoy easy data management and migration.Operating temperature: 0 Degrees Celsius -70 Degrees Celsius and Storage temperature: -40 Degrees Celsius -85 Degrees Celsius.

","9,297",https://m.media-amazon.com/images/I/61o+RuXoK+L._AC_UY218_.jpg,ADATA SU800 256GB 3D-NAND 2.5 Inch SATA III High Speed Read & Write up to 560MB/s & 520MB/s Solid State Drive (ASU800SS-256GT-C),,"9,297",Solid State
笔记本电脑,"
$38.46 Shipping & Import Fees Deposit to Egypt
",,19,https://m.media-amazon.com/images/I/71UA-YPqGlS._AC_UY218_.jpg,"M.2 NVMe SSD Enclosure Adapter Tool-Free, USB C 3.1 Gen 2 10Gbps or Thunderbolt 3, 6Gbps SATA PCIe M-Key(B+M Key), Aluminum Case Support UASP Trim for SSD Size 2242/2260/2280",$29.99,19,GMM
1 TB,,"AORUS Next Generation PCIe 4.0 NVMe SSD ▪ M.2 2280 form factor ▪ Interface: PCI-Express 4.0 x4, NVMe 1.4 ▪ Capacity: 1TB ▪ Seq. Read Speed : up to 7000 MB/s ▪ Seq. Write speed : up to 5500 MB/s ▪ Wear Leveling, Over-Provision technologies ▪ TRIM & S.M.A.R.T supported ▪ AES-256 Encryption Supported ▪ Thermal Throttle protection ▪ NAND Flash: 3D TLC NAND Flash (1200 MT/s) ▪ High Efficient Heat Spreader with Nanocarbon Coating ▪ Controller: Phison E18 ▪ Limited 5-year Warranty

",17,https://m.media-amazon.com/images/I/71m3KX4U+OL._AC_UY218_.jpg,"GIGABYTE AORUS Gen4 7000s SSD 1TB PCIe 4.0 NVMe M.2, Nanocarbon Coated Aluminum Heatsink, 3D TLC NAND, SSD GP-AG70S1TB",$253.18,17,GP-AG70S1TB
4000 GB,,"The , 4TB Rocket 4 PLUS NVMe 4.0 Gen4 PCIe M.2 Internal SSD Extreme Performance Solid State Drive (SB-RKT4P-4TB) delivers all the advantages of flash disk technology with PCIe Gen4.0 x4 interface., Based on TLC NAND Flash memory, its performance speeds can reach up to 7100 MB/s (read) and 6600 MB/s (write) when using a PCIe Gen4 motherboard. Using a PCIe Gen3 Motherboard Speeds will reach up to 3400 MB/s (read) and 3000 MB/s (write). Power consumption is much lower than traditional hard drives, making it the best embedded solution for new systems., The , 4TB Rocket 4+ Nvme PCIe 4.0 M.2 2280 Internal SSD was designed using PCIe 4.0 which allows for speeds of up to 7100 MB/s (read) and 6600 MB/s (write), significantly faster than PCIe 3.0., , In order to take advantage of these speeds, a , is ,. Otherwise it will be at pcie gen 3 speed at max of 3500MB/s., When installing any NVMe PCIe 4.0 SSD directly onto a PCIe Gen4 Motherboard a , to dissipate the heat generated by the drives extreme speed levels to avoid thermal throttling and maximize performance., , 2TB Rocket 4+ Nvme PCIe 4.0 M.2 2280 Internal SSD is backward compatible with PCIe 3.0. Using a Gen 3 PCIe motherboard will enable the user to reach speeds of up to 3400 MB/s (read) and 3000 MB/s (write)., ,: , • NVMe M.2 PCIe Gen4 x4 Interface., • PCIe 4.0 Compliant / NVMe 1.3 Compliant., • Power Management Support for APST / ASPM / L1.2., • Supports SMART and TRIM commands. , • Supports ONFi 2.3, ONFi 3.0, ONFi 3.2 and ONFi 4.0 interface., • Advanced Wear Leveling, Bad Block Management, Error Correction Code, and Over-Provision., • Upgradeable Firmware., , , • 4TB Rocket 4+ Nvme PCIe 4.0 M.2 2280 SSD., • User Manual.,

",607,https://m.media-amazon.com/images/I/71rOxgHnBGL._AC_UY218_.jpg,Sabrent 4TB Rocket 4 Plus NVMe 4.0 Gen4 PCIe M.2 Internal SSD Extreme Performance Solid State Drive R/W 7100/6600MB/s (SB-RKT4P-4TB),$899.99,607,SABRENT
2 TB,"
$101.12 Shipping & Import Fees Deposit to Egypt
","The Sabrent 2TB Rocket Nvme PCIe 4.0 M.2 2280 Internal SSD Extreme Performance Solid State Drive (SB-ROCKET-NVMe4-2TB) delivers all the advantages of flash disk technology with PCIe Gen4.0 x4 interface.,Based on TLC NAND Flash memory, its performance speeds can reach up to 5000 MB/s (read) and 4400 MB/s (write) when using a PCIe Gen4 motherboard. Using a PCIe Gen3 Motherboard Speeds will reach up to 3400 MB/s (read) and 2750 MB/s (write). Power consumption is much lower than traditional hard drives, making it the best embedded solution for new systems.,The Sabrent 2TB Rocket Nvme PCIe 4.0 M.2 2280 Internal SSD was designed using PCIe 4.0 which allows for speeds of up to 5000 MB/s (read) and 4400 MB/s (write), significantly faster than PCIe 3.0.,Note: In order to take advantage of these speeds, a PCIe Gen4 motherboard is REQUIRED. Otherwise it will be at pcie gen 3 speed at max of 3400MB/s.,When installing any NVMe PCIe 4.0 SSD directly onto a PCIe Gen4 Motherboard a Heatsink is required to dissipate the heat generated by the drives extreme speed levels to avoid thermal throttling and maximize performance.,The Sabrent 2TB Rocket Nvme PCIe 4.0 M.2 2280 Internal SSD is backward compatible with PCIe 3.0. Using a Gen 3 PCIe motherboard will enable the user to reach speeds of up to 3400 MB/s (read) and 2750 MB/s (write).,Features: ,• NVMe M.2 PCIe Gen4 x4 Interface.,• Built to the PCIe 4.0 specification / NVMe 1.3 Compliant.,• Power Management Support for APST / ASPM / L1.2.,• Supports SMART and TRIM commands. ,• Supports ONFi 2.3, ONFi 3.0, ONFi 3.2 and ONFi 4.0 interface.,• Advanced Wear Leveling, Bad Block Management, Error Correction Code, and Over-Provision.,• Upgradeable Firmware.,Package contents: ,• 2TB Rocket Nvme PCIe 4.0 M.2 2280 SSD.,• User Manual.

","9,601",https://m.media-amazon.com/images/I/81i+9MjW2KL._AC_UY218_.jpg,Sabrent 2TB Rocket NVMe 4.0 Gen4 PCIe M.2 Internal SSD Extreme Performance Solid State Drive with Heatsink (SB-ROCKET-NVMe4-HTSK-2TB),$419.98,"9,601",SABRENT
120 GB,"
$36.74 Shipping & Import Fees Deposit to Egypt
","Hyundai 120GB Internal SSD SATA III, TLC, 2.5"" (C2S3T/120G) PC

",694,https://m.media-amazon.com/images/I/412XgQyqwlS._AC_UY218_.jpg,"Hyundai | 120GB SSD | SATA III, 3D NAND | 2.5"" Internal Solid State Drive for PC (120GB SSD)",$22.98,694,Serial ATA-600
480 GB,"
$41.07 Shipping & Import Fees Deposit to Egypt
","Ever wonder why your phone responds faster than your computer? It's because your phone runs on flash memory. Add flash to your laptop or desktop computer with the Crucial BX500 SSD, the easiest way to get all the speed of a new computer without the price. Accelerate everything.

","39,710",https://m.media-amazon.com/images/I/51fR8KDN1US._AC_UY218_.jpg,"Crucial BX500 480GB 3D NAND SATA 2.5-Inch Internal SSD, up to 540MB/s - CT480BX500SSD1 black/blue",$54.62,"39,710",Crucial
4 TB,"
$130.53 Shipping & Import Fees Deposit to Egypt
","Boost your NAS system's performance and responsiveness with the WD Red SA500 NAS SATA SSD. Your NAS system is always on, making a reliable drive essential. Unlike standard SSDs, WD Red NAS SATA SSDs are specifically designed and tested for 24/7 usage. Their endurance and efficient caching makes them ideal for demanding applications.

",533,https://m.media-amazon.com/images/I/81ItDtcqFZL._AC_UY218_.jpg,"Western Digital 4TB WD Red SA500 NAS 3D NAND Internal SSD - SATA III 6 Gb/s, 2.5""/7mm, Up to 560 MB/s - WDS400T1R0A",$579.99,533,SA500
"Usb, Usb Type C, Usb 3.0","
$36.70 Shipping & Import Fees Deposit to Egypt
",,227,https://m.media-amazon.com/images/I/51sYSxZui1L._AC_UY218_.jpg,"mSATA Solid State Drive SSD Adapter Board + USB3 to SATA III Data Cable, Easy to Carry and use Directly (SATA to USB 3.0)",$8.99,227,"Laptop, PC"
512 GB,"
$44.33 Shipping & Import Fees Deposit to Egypt
","  ,F395-550-512  ,Zinc-Aluminum Alloy  ,USB 3.1 & Type C 3.1, backward compatible with USB 3.0/ USB 2.0 ,550MB/s  Performance may be lower depending on drive Capacity, host device, OS and application HARDWARE ENCRYPTION FUNCTION ,,and ,  ,0.53in*0.84in*3.0in  ,40g  ,512GB ,Space Grey ,Paper Bag Package

",39,https://m.media-amazon.com/images/I/51LQXIDLsaL._AC_UY218_.jpg,"F395 512GB MLC NAND Flash USB Portable SSD with 550MB/S Data Transfer Speed, USB 3.1 Gen 2 Interface, AES 256-bit Hardware Encryption,Type C and USB Connector Flash Drive(PSSD 512GB)",$77.99,39,Fanxiang
4000 GB,,"The PNY CS2130 M.2 NVMe SSD is an excellent choice for a mainstream NVMe upgrade from a SATA based solid state drive (SSD) in an NVMe enabled PC or MAC desktop or laptop computer. The CS2130 drive is designed to be a high performance SATA SSD replacement to help realize faster boot times, quicker application launches, and better overall system performance. Do more in less time with NVMe; boot up, power down, and load applications up to 6 times faster than with SATA based SSD’s. With no moving parts, the PNY CS2130 M.2 NVMe SSD is highly durable, less likely to fail, and supports up to 5 years of warranty

",841,https://m.media-amazon.com/images/I/513I06iMZmL._AC_UY218_.jpg,PNY CS2130 4TB M.2 NVMe Internal Solid State Drive (SSD) M280CS2130-4TB-RB,,841,Solid State
2 TB,"
$73.94 Shipping & Import Fees Deposit to Egypt
","For intensive workloads on PCs and workstations, the Samsung 970 EVO Plus delivers ultimate performance powered by Samsung's NVMe SSD leadership. The ultimate in performance, the 970 EVO Plus is upgraded to be faster than the 970 EVO. It maximizes the potential of NVMe bandwidth for unbeatable computing that meets the needs of the most demanding tech enthusiasts and professionals. For performance that puts you in command, the 970 EVO Plus combines the next-gen PCIe Gen 3.0 x4 NVMe interface with the latest V-NAND technology to achieve fearless read/write speeds up to 3,500/3,300MB/s, up to 53% faster than the 970 EVO. Samsung’s advanced nickel-coated controller and heat spreader on the 970 EVO Plus Solid State Drive enable superior heat dissipation. The Dynamic Thermal Guard automatically monitors and maintains optimal operating temperatures to minimize performance drops. Advanced drive management made simple, Samsung Magician software will help you keep an eye on your drive. A suite of user-friendly tools helps keep your drive up to date, monitor drive health and speed, and even boost performance.

","27,059",https://m.media-amazon.com/images/I/813bvfaxuAL._AC_UY218_.jpg,SAMSUNG 970 EVO Plus SSD 2TB - M.2 NVMe Interface Internal Solid State Drive with V-NAND Technology (MZ-V7S2T0B/AM),$289.99,"27,059",Samsung 970 EVO Plus Series - 2TB PCIe NVMe
120 GB,"
$66.96 Shipping & Import Fees Deposit to Egypt
",,2,https://m.media-amazon.com/images/I/71up03ZGyKS._AC_UY218_.jpg,"Patriot Burst Elite SATA 3 120GB SSD 2.5"" - 10 Pack",$220.00,2,Patriot Memory
480 GB,"
$41.07 Shipping & Import Fees Deposit to Egypt
","Ever wonder why your phone responds faster than your computer? It's because your phone runs on flash memory. Add flash to your laptop or desktop computer with the Crucial BX500 SSD, the easiest way to get all the speed of a new computer without the price. Accelerate everything.

","39,710",https://m.media-amazon.com/images/I/51fR8KDN1US._AC_UY218_.jpg,"Crucial BX500 480GB 3D NAND SATA 2.5-Inch Internal SSD, up to 540MB/s - CT480BX500SSD1 black/blue",$54.62,"39,710",Crucial
2000 GB,"
$54.75 Shipping & Import Fees Deposit to Egypt
","Put NVMe power at the heart of your PC for lightning-fast, ultra-responsive performance. The WD Blue SN550 NVMe SSD can deliver over 4 times the speed of our best SATA SSDs. Whether you’re working, creating, casual gaming or processing large amounts of data, take advantage of this powerful internal drive’s high speeds to do more, faster. Available in capacities up to 2TB* in an affordable M.2 2280 form factor, there’s no time like now to make the change to NVMe. | *1GB = 1 billion bytes and 1TB = one trillion bytes. Actual user capacity may be less, depending on operating environment.

","12,953",https://m.media-amazon.com/images/I/71b9pV5aZDS._AC_UY218_.jpg,"Western Digital 2TB WD Blue SN550 NVMe Internal SSD - Gen3 x4 PCIe 8Gb/s, M.2 2280, 3D NAND, Up to 2,600 MB/s - WDS200T2B0C",$199.99,"12,953",Western Digital
4 TB,"
$130.57 Shipping & Import Fees Deposit to Egypt
","Kick your NAS server up a notch with IronWolf 125 SSDs. Designed to deliver powerhouse performance with up to .7 DWPD, optimized for NAS, and tough enough to protect your data while handling peak user workloads with 24x7 always-on capability, they offer a wide range of capacities and lead the pack in scalability to meet your home and small office NAS.

","12,253",https://m.media-amazon.com/images/I/81zGuZQHkEL._AC_UY218_.jpg,"Seagate IronWolf 125 SSD 4TB NAS Internal Solid State Drive - 2.5 Inch SATA 6Gb/s speeds of up to 560MB/s, 24x7 performance with Rescue Service (ZA4000NM1A002)",$579.99,"12,253",Seagate
4 TB,"
$134.94 Shipping & Import Fees Deposit to Egypt
","The Sabrent 4TB ROCKET Q NVMe PCIe M.2 2280 Internal SSD High-Performance Solid State Drive (SB-RKTQ-4TB) delivers all the advantages of flash disk technology with PCIe Gen3 x4 interface and it is fully compliant with the standard Next Generation Form Factor (NGFF),,commonly-known as M.2.,Based on 3D QLC NAND Flash memory, its performance speeds can reach up to 3200 MB/s (read) and 3000 MB/s (write).,Power consumption is much lower than traditional hard drives, making it the best-embedded solution for new systems.,Features:,• M.2 PCIe Gen3 x 4 Interface.,• Built to the PCIe 3.1 specification / NVMe 1.3 Compliant.,• Power Management Support for APST / ASPM / L1.2.,• Supports SMART and TRIM commands. Supports ONFi 2.3, ONFi 3.0, ONFi 3.2 and ONFi 4.0 interface.,• Advanced Wear Leveling, Bad Block Management, and Over-Provision.,• All Sabrent SSDs come with FREE Sabrent Acronis True Image for Sabrent Software for easy Cloning, For more information please visit our website.,Package contents:,• 4TB NVMe Q PCIe M.2 2280 SSD.,• User Manual

",96,https://m.media-amazon.com/images/I/71GOOkssM7L._AC_UY218_.jpg,Sabrent Rocket Q 4TB NVMe PCIe M.2 2280 Internal SSD High Performance Solid State Drive R/W 3200/3000MB/s (SB-RKTQ-4TB),$599.98,96,Solid State
480 GB,"
$41.61 Shipping & Import Fees Deposit to Egypt
","SanDisk, a pioneer in solid state storage technologies and the brand pros trust, delivers improved speed and performance with the SanDisk SSD Plus. With sequential read speeds of up to 535MB/s** [480GB, 960GB and 1TB]; 530MB/s** [120GB & 240GB], this solid state drive performs faster than a typical hard disk drive(1). You'll appreciate faster startups, shutdowns, data transfers, and application response times than with a hard disk drive(1). The SanDisk SSD Plus also offers quiet, reliable performance, and dashboard(4) status monitoring for your favorite media applications. | *1GB=1,000,000,000 bytes. Actual user storage less. | **Based on internal testing; performance may vary depending upon drive capacity, host device, OS and application. 1MB=1,000,000 bytes. | (1) As compared to 5400 RPM SATA 2.5” hard drive. Based on published specifications and internal bench marking tests using PCMark Vantage scores. | (3) Shock resistant (up to 1500G) and vibration resistant (5gRMS, 10-2000 HZ/4.9 gRMS, 7-800 HZ), temperature (from 0 degrees Celcius to 70 degrees Celcius) | (4) Download required This drive is compatible with servers and arrays that accept 2.5” 7mm SATA drives

","56,542",https://m.media-amazon.com/images/I/61U7T1koQqL._AC_UY218_.jpg,"SanDisk SSD PLUS 480GB Internal SSD - SATA III 6 Gb/s, 2.5""/7mm, Up to 535 MB/s - SDSSDA-480G-G26 , Black",$58.99,"56,542",SanDisk
4 TB,,"Samsung MZ-76P4T0E 860 PRO - 4 TB - 7 mm - 2.5"" - SATA SSD

",5,https://m.media-amazon.com/images/I/71QEXydHWOL._AC_UY218_.jpg,Samsung 860 Pro 4TB SATA III 2.5-Inch Client SSD for Business | MZ-76P4T0E | OEM Solid State Drive,$792.70,5,860 PROu00a0
1 TB,"
$53.24 Shipping & Import Fees Deposit to Egypt
",,"4,115",https://m.media-amazon.com/images/I/71vlEYj7QXL._AC_UY218_.jpg,"SP 1TB SSD 3D NAND A55 SLC Cache Performance Boost SATA III 2.5"" 7mm (0.28"") Internal Solid State Drive (SP001TBSS3A55S25)",$89.99,"4,115",A55
1 TB,"
$44.72 Shipping & Import Fees Deposit to Egypt
",,849,https://m.media-amazon.com/images/I/81VTyTPlS1L._AC_UY218_.jpg,TEAMGROUP T-Force Vulcan G 1TB SLC Cache 3D NAND TLC 2.5 Inch SATA III Internal Solid State Drive SSD (R/W Speed up to 550/500 MB/s) T253TG001T3C301,$79.99,849,TEAMGROUP
2 TB,"
$54.65 Shipping & Import Fees Deposit to Egypt
",,363,https://m.media-amazon.com/images/I/71bu+exrMbS._AC_UY218_.jpg,"TEAMGROUP T-FORCE CARDEA ZERO Z330 2TB with SLC Cache Graphene Copper Foil 3D NAND TLC NVMe PCIe Gen3 x4 M.2 2280 Gaming Internal SSD (Read/Write 2,100/1,600 MB/s) for Laptop & Desktop TM8FP8002T0C311",$199.99,363,TEAMGROUP
SABRENT,"
$42.54 Shipping & Import Fees Deposit to Egypt
","The Sabrent EC-DFLT SATA Lay-Flat Docking Station supports the direct insertion of Desktop 2.5""/3.5"" SATA Hard Drives. It is a caseless solution that makes swapping hard drives easier than ever before. Plus, now you can take advantage of the lightening speed of USB 3.0 to quickly transfer files up to 5 Gbps! ,Features: ,Supports Standard Desktop 2.5""/3.5"" SATA Hard Drives. . ,On/Off power switch. ,LED light indicates Power and Activity status. ,Hot-swappable, plug and play, no drivers needed. ,Reverse compatible with USB 1.1 & USB 2.0. ,Transfer Rates Up to 5 Gbps w/USB 3.0 ,Transfer Rates Up to 480 Mbps w/USB 2.0 ,System requirements: ,Available USB 3.0 for high speed data transfer ,Reverse compatible with USB 1.1 & USB 2.0. ,Windows: 2000/XP/Vista/7/8/8.1/10 (Both 32-bit & 64-bit versions) ,MAC: OS X ,Package Contents: ,Sabrent EC-DFLT Lay-Flat Docking ,Power Supply ,USB 3.0 cable ,User Manual ,Warranty information: ,1 year limited warranty. ,When you register your new Sabrent product online within 90 days of purchase, your standard 1-year warranty coverage is extended to 2-years.

","16,527",https://m.media-amazon.com/images/I/715qwH-pWhL._AC_UY218_.jpg,"Sabrent USB 3.0 to SATA External Hard Drive Lay-Flat Docking Station for 2.5 or 3.5in HDD, SSD [Support UASP] (EC-DFLT)",$22.98,"16,527",USB 3.0
Silver,"
$37.56 Shipping & Import Fees Deposit to Egypt
",,22,https://m.media-amazon.com/images/I/51n72CZ+rlL._AC_UY218_.jpg,"F315 256GB USB Flash Drive with 250MB/s Data Transfer Speed, USB A 3.1 Memory Stick Thumb Drive Silver(USB 256GB)",$30.39,22,Fanxiang
2 TB,"
$101.69 Shipping & Import Fees Deposit to Egypt
","The future of gaming has arrived with the WD_BLACK SN850 NVMe SSD. Long load times are obsolete with PCIe Gen4 technology, reaching up to 7000MB/s read speed and up to 5300MB/s write speed (1TB model). Spend more time playing and less time deleting, storing your latest and favorite games with up to 2TB capacity (not intended for NAS or server environments). As used for storage capacity, 1GB = 1 billion bytes and 1TB = one trillion bytes. Actual user capacity may be less depending on operating environment. As used for transfer rate, 1 MB/s = 1 million bytes per second. Based on internal testing; performance may vary depending upon host device, usage conditions, drive capacity, and other factors.

",898,https://m.media-amazon.com/images/I/71VP6Pp62HS._AC_UY218_.jpg,"WD_BLACK 2TB SN850 NVMe Internal Gaming SSD Solid State Drive - Gen4 PCIe, M.2 2280, 3D NAND, Up to 7,000 MB/s - WDS200T1X0E",$429.99,898,Western Digital
3840 GB,,"Intel® SSD D7-P5510 Series Meet today's data center performance, manageability, and I/O requirements across a wide range of workloads. Manufacturer: Intel Corporation. Manufacturer Part Number: SSDPF2KX038TZ01. Brand Name: Intel. Product Series: D7-P5510. Product Name: SSD D7-P5510 3.84TB 2.5inch. Packaged Quantity: 1. Product Type: Solid State Drive. [Technical Information] Storage Capacity: 3.84 TB. Encryption Standard: 256-bit. [Drive Performance] Maximum Read Transfer Rate: 6500 MB/s. Maximum Write Transfer Rate: 3400 MB/s. Random 4KB Read: 700000IOPS. Random 4KB Write: 170000IOPS. Endurance (TBW): 7168 TB. [Network & Communication] Wireless LAN: No. [Interfaces/Ports] Drive Interface: U.2 (SFF-8639) NVMe. Drive Interface Standard: PCI Express NVMe 4.0 x4. [Physical Characteristics] Drive Type: Internal. Form Factor: 2.5"". Height: 0.6"". Weight (Approximate): 4.87 oz. [Miscellaneous] Device Supported: Server.

",3,https://m.media-amazon.com/images/I/51aHTuZPi5S._AC_UY218_.jpg,"Intel D7-P5510 3.84 TB Solid State Drive - 2.5"" Internal - U.2 (SFF-8639) NVMe (PCI Express NVMe 4.0 x4) - Server Device Supported - 7168 TB TBW - 6500 MB/s Maximum Read Transfer Rate - 256-bit E","$1,309.99",3,2.5 inches
4 TB,"
$159.13 Shipping & Import Fees Deposit to Egypt
","Description: The Sabrent 4TB Rocket Q4 Nvme PCIe 4.0 M.2 2280 Internal SSD With Heatsink delivers all the advantages of flash disk technology with PCIe Gen4.0 x4 interface. Based on TLC NAND Flash memory, its performance speeds can reach up to 4900 MBs (read) and 3500 MBs (write) when using a PCIe Gen4 motherboard. Note: In order to take advantage of these speeds, a PCIe Gen4 motherboard is REQUIRED. Otherwise it will be at pcie gen 3 speed at max of 3300MBs. The Sabrent Sabrent 4TB Rocket Q4 Nvme PCIe 4.0 M.2 2280 Internal SSD is backward compatible with PCIe 3.0. Using a Gen 3 PCIe motherboard will enable the user to reach speeds of up to 3300 MBs (read) and 3300 MBs (write). When installing any NVMe PCIe 4.0 SSD directly onto a PCIe Gen4 Motherboard a Heatsink is required to dissipate the heat generated by the drives extreme speed levels to avoid thermal throttling and maximize performance. This Sabrent Sabrent 4TB Rocket Q4 Nvme PCIe 4.0 M.2 2280 Internal SSD comes with the Sabrent M.2 2280 SSD Rocket Heatsink preinstalled. Features: NVMe M.2 PCIe Gen4 x4 Interface. PCIe 4.0 Compliant NVMe 1.3 Compliant. Power Management Support for APST, ASPM ,L1.2. Supports SMART and TRIM commands. Supports ONFi 2.3, ONFi 3.0, ONFi 3.2 and ONFi 4.0 interface. Advanced Wear Leveling, Bad Block Management, Error Correction Code, and Over-Provision. Preinstalled Rocket NVMe Heatsink. Upgradeable Firmware. Package contents: 4TB RocketQ4 Nvme PCIe 4.0 M.2 2280 SSD with Heatsink. User Manual.

",754,https://m.media-amazon.com/images/I/81f11N4iYzL._AC_UY218_.jpg,Sabrent 4TB Rocket Q4 NVMe PCIe 4.0 M.2 2280 Internal SSD Maximum Performance Solid State Drive with Heatsink | R/W 4900/3500 MB/s (SB-RKTQ4-HTSS-4TB),$722.34,754,SABRENT
128 GB,"
$36.69 Shipping & Import Fees Deposit to Egypt
","High Transfer Speeds for Fast Start Up Powered by high quality controller and original synchronous NAND flash, Ace A55 delivers incredibly high transfer speeds that enable short boot time, fast application loading and quick file processing. SLC Cache Technology for Performance Boost and Longer Lifespan The A55 especially applies the ”SLC Cache technology” that allows all data to be written in the SLC portion first and leads to higher peak writing performance. In addition, the technology can reduce write amplification and thus offer better endurance and longer lifespan of the SSD. Free-download SSD Health Monitor Tool - SP Toolbox Software The A55 comes with a free-download SSD health monitor tool - SP Toolbox Software, which is especially designed for you to easily monitor the current health status of a SSD. By such, you can run a performance test, get an overall health evaluation and check detailed information about your SSD, including used space on device, device temperature, total bytes written, S.M.A.R.T. status, erase count status and block numbers. *Please download the software at SP Official Website. Absolutely Reliable with Bad Block Management The A55 is built with Bad Block Management, which can continually monitor and replace bad blocks to keep your system in good condition with prolonged lifespan of a SSD. Multiple Techniques Supported The A55 is one of the lightest and thinnest SSD of its kind yet it is shock- and vibration-proof since it contains no moving parts. Furthermore, S.M.A.R.T. monitoring system and ECC technology are equipped to promise higher data transmission safety. 3-year Warranty The Ace A55 is backed by 3-year warranty. *Please register your product via SP official website to get the complete manufacturer warranty services, product support and more. Box Contains 1 x Silicon Power Ace A55 Solid State Drive

",37,https://m.media-amazon.com/images/I/71olmqbfO-L._AC_UY218_.jpg,"Silicon Power 128GB SSD 3D NAND A55 SLC Cache Performance Boost SATA III 2.5"" 7mm (0.28"") Internal Solid State Drive (SU128GBSS3A55S25AH)",$22.99,37,SATA
256 GB,"
$42.40 Shipping & Import Fees Deposit to Egypt
",,142,https://m.media-amazon.com/images/I/31l2zcZJmfS._AC_UY218_.jpg,"Hikvision E2000 256GB M.2 SSD NVMe PCIe Gen3, Internal Solid State Drive, 3D NAND, Up to 3,500MB/s, 3 Year Warranty",$64.99,142,Hikvision
2 TB,"
$66.84 Shipping & Import Fees Deposit to Egypt
",,"1,440",https://m.media-amazon.com/images/I/61fa3WslDgS._AC_UY218_.jpg,"addlink M.2 SSD 2TB S70 up to 3,500MB/s NVMe PCIe GEN 3x4 3D TLC NAND R/W up to 3,500/3,000 MB/s M.2 2280 Internal Solid State Drive",$259.99,"1,440",Addlink
7.68 TB,"
$196.75 Shipping & Import Fees Deposit to Egypt
","Equipped to challenge hard drives head-on, the Micron 5210 ION is the world’s first SSD to market with quad-level cell (QLC) NAND technology – the next storage evolution that delivers fast capacity for less. Designed for the workloads of today and tomorrow – real-time analytics, big data, media streaming, block/object, SQL/NoSQL, and the data lakes that feed AI and machine learning – the Micron 5210 SSD accelerates analysis into action. Freed from the confines of hard drive technology, storage architectures can now move to speed and scale, enabling greater infrastructure flexibility and data intelligence.

",49,https://m.media-amazon.com/images/I/51GeHRCwZmL._AC_UY218_.jpg,Micron 5210 Ion SSD | MTFDDAK7T6QDE | 7.68TB | Qlc | SATA 6GB/S | 2.5-Inch Enterprise Solid State Drive,$928.95,49,SATA
2 TB,"
$70.00 Shipping & Import Fees Deposit to Egypt
","Built for speed and durability, the highly-adaptable FireCuda 120 takes on the rigors of PC gaming. Thanks to maxed out SATA 6Gb/s SSD speeds of up to 560/540 MB/s (sequential read/write), loading will no longer be a waste of time. And with the durability of up to 5600TB TBW (total bytes written), it plugs in and plays for a long time. From adding a new boot drive to boosting a battlestation’s capacity, get ready to play with FireCuda 120.

","1,225",https://m.media-amazon.com/images/I/913OuW6Ap1L._AC_UY218_.jpg,Seagate FireCuda 120 SSD 2TB Internal Solid State Drive – SATA 6Gb/s 3D TLC for Gaming PC Laptop (ZA2000GM10001),$274.10,"1,225",Seagate
2000 GB,"
$69.02 Shipping & Import Fees Deposit to Egypt
","Original 850 EVO SSD 2TB 2.5-Inch Hard Drive SATA III Internal Solid State Drive MZ-76E2T0B (Bulk, No Retail Packaging)

",20,https://m.media-amazon.com/images/I/81CmePgCroL._AC_UY218_.jpg,"Sinobright Original 850 EVO SSD 2TB 2.5-Inch Hard Drive SATA III Internal Solid State Drive MZ-76E2T0B (Bulk, No Retail Packaging) …",$269.99,20,850 EVO
1 TB,"
$47.43 Shipping & Import Fees Deposit to Egypt
","The WD Blue 3D NAND SATA SSD utilizes 3D NAND technology for capacities up to 2TB with enhanced reliability. Featuring an active power draw up to 25% lower than previous generations of WD Blue SSDs, you’re able to work longer before recharging your laptop, while sequential read speeds up to 560MB/s and sequential write speeds up to 530MB/s give the speed you want for your most demanding computing applications. Combined with the free, downloadable WD SSD Dashboard software and a 5-year limited warranty, you can confidently upgrade your system to the WD Blue 3D NAND SATA SSD. | As used for storage capacity, one terabyte (TB) = one trillion bytes. Total accessible capacity varies depending on operating environment. | Active power draws are up to 25% lower during sequential reads than previous generations of WD Blue SSD at the 500GB capacity point. | As used for transfer rate or interface, megabyte per second (MB/s) = one million bytes per second and gigabit per second (Gb/s) = one billion bits per second.

","9,255",https://m.media-amazon.com/images/I/61i1971PK-L._AC_UY218_.jpg,"Western Digital 1TB WD Blue 3D NAND Internal PC SSD - SATA III 6 Gb/s, M.2 2280, Up to 560 MB/s - WDS100T2B0B",$99.99,"9,255",Western Digital
4 TB,"
$129.18 Shipping & Import Fees Deposit to Egypt
","The CORSAIR MP400 Gen3 PCIe x4 NVMe M.2 SSD delivers up to 3,400MB/s sequential read and up to 3,000MB/s sequential write speeds , taking advantage of high-capacity 3D QLC NAND memory to store more data in the same amount of physical space than previous generation TLC NAND. Performance and endurance vary by capacity.

","4,446",https://m.media-amazon.com/images/I/51xQhEupg6L._AC_UY218_.jpg,"Corsair MP400 4TB M.2 NVMe PCIe x4 Gen3 SSD (Sequential Read Speeds of up to 3,480 MB/s, Write Speeds of up to 3,000 MB/s, High-Density 3D QLC NAND) Black",$574.99,"4,446",Corsair
128 GB,"
$37.67 Shipping & Import Fees Deposit to Egypt
",,84,https://m.media-amazon.com/images/I/71iSNu0IDGL._AC_UY218_.jpg,HIKVISION T100I Series Portable SSD 128GB - Up to 540MB/s - USB 3.1 External Solid State Drives (Rose Gold),$26.99,84,Hikvision
512 GB,"
$44.05 Shipping & Import Fees Deposit to Egypt
",,142,https://m.media-amazon.com/images/I/71Rkb7C9tCL._AC_UY218_.jpg,"Hikvision E2000 512GB M.2 SSD NVMe PCIe Gen3, Internal Solid State Drive, 3D NAND, Up to 3,500MB/s, 3 Year Warranty",$76.69,142,Hikvision
